{
  "apple": {
    "avg_N": 20.8,
    "avg_P": 134.22,
    "avg_K": 199.89,
    "avg_temperature": 22.6309424132,
    "avg_humidity": 92.33338287560002,
    "avg_ph": 5.929662931809999,
    "avg_rainfall": 112.65477927500002,
    "N_range": [
      0.0,
      40.0
    ],
    "P_range": [
      120.0,
      145.0
    ],
    "K_range": [
      195.0,
      205.0
    ],
    "temperature_range": [
      21.0365275,
      23.99686172
    ],
    "humidity_range": [
      90.02575116,
      94.92048112
    ],
    "ph_range": [
      5.514253142,
      6.4992268210000015
    ],
    "rainfall_range": [
      100.1173443,
      124.9831618
    ]
  },
  "banana": {
    "avg_N": 100.23,
    "avg_P": 82.01,
    "avg_K": 50.05,
    "avg_temperature": 27.3767983057,
    "avg_humidity": 80.3581225811,
    "avg_ph": 5.98389318024,
    "avg_rainfall": 104.62698040009998,
    "N_range": [
      80.0,
      120.0
    ],
    "P_range": [
      70.0,
      95.0
    ],
    "K_range": [
      45.0,
      55.0
    ],
    "temperature_range": [
      25.01018457,
      29.90888522
    ],
    "humidity_range": [
      75.03193255,
      84.97849241
    ],
    "ph_range": [
      5.505393832999999,
      6.490074429
    ],
    "rainfall_range": [
      90.10978128,
      119.84797
    ]
  },
  "blackgram": {
    "avg_N": 40.02,
    "avg_P": 67.47,
    "avg_K": 19.24,
    "avg_temperature": 29.9733396789,
    "avg_humidity": 65.1184255887,
    "avg_ph": 7.133951629480002,
    "avg_rainfall": 67.88415118319999,
    "N_range": [
      20.0,
      60.0
    ],
    "P_range": [
      55.0,
      80.0
    ],
    "K_range": [
      15.0,
      25.0
    ],
    "temperature_range": [
      25.09737391,
      34.9466155
    ],
    "humidity_range": [
      60.06534859,
      69.96100028
    ],
    "ph_range": [
      6.500144962,
      7.775306272000001
    ],
    "rainfall_range": [
      60.41790253,
      74.91559514
    ]
  },
  "chickpea": {
    "avg_N": 40.09,
    "avg_P": 67.79,
    "avg_K": 79.92,
    "avg_temperature": 18.8728467519,
    "avg_humidity": 16.8604394237,
    "avg_ph": 7.33695662374,
    "avg_rainfall": 80.0589772605,
    "N_range": [
      20.0,
      60.0
    ],
    "P_range": [
      55.0,
      80.0
    ],
    "K_range": [
      75.0,
      85.0
    ],
    "temperature_range": [
      17.02498456,
      20.99502153
    ],
    "humidity_range": [
      14.25803981,
      19.96978871
    ],
    "ph_range": [
      5.988992796000002,
      8.868741443
    ],
    "rainfall_range": [
      65.11365631,
      94.78189594
    ]
  },
  "coconut": {
    "avg_N": 21.98,
    "avg_P": 16.93,
    "avg_K": 30.59,
    "avg_temperature": 27.409892172299998,
    "avg_humidity": 94.84427180609998,
    "avg_ph": 5.97656212619,
    "avg_rainfall": 175.68664580399997,
    "N_range": [
      0.0,
      40.0
    ],
    "P_range": [
      5.0,
      30.0
    ],
    "K_range": [
      25.0,
      35.0
    ],
    "temperature_range": [
      25.00872392,
      29.8690834
    ],
    "humidity_range": [
      90.01734526,
      99.98187601
    ],
    "ph_range": [
      5.50158009,
      6.470465614
    ],
    "rainfall_range": [
      131.09000759999998,
      225.6323656
    ]
  },
  "coffee": {
    "avg_N": 101.2,
    "avg_P": 28.74,
    "avg_K": 29.94,
    "avg_temperature": 25.5404768193,
    "avg_humidity": 58.86984630029999,
    "avg_ph": 6.790308274570001,
    "avg_rainfall": 158.066294882,
    "N_range": [
      80.0,
      120.0
    ],
    "P_range": [
      15.0,
      40.0
    ],
    "K_range": [
      25.0,
      35.0
    ],
    "temperature_range": [
      23.05951896,
      27.92374437
    ],
    "humidity_range": [
      50.04557009,
      69.94807345
    ],
    "ph_range": [
      6.020947179,
      7.493191968
    ],
    "rainfall_range": [
      115.1564012,
      199.4735636
    ]
  },
  "cotton": {
    "avg_N": 117.77,
    "avg_P": 46.24,
    "avg_K": 19.56,
    "avg_temperature": 23.988957895200006,
    "avg_humidity": 79.8434742538,
    "avg_ph": 6.912675495780002,
    "avg_rainfall": 80.3980431193,
    "N_range": [
      100.0,
      140.0
    ],
    "P_range": [
      35.0,
      60.0
    ],
    "K_range": [
      15.0,
      25.0
    ],
    "temperature_range": [
      22.00085141,
      25.99237426
    ],
    "humidity_range": [
      75.00539324,
      84.87668973
    ],
    "ph_range": [
      5.801047545,
      7.994679507000001
    ],
    "rainfall_range": [
      60.65381719,
      99.93100821
    ]
  },
  "grapes": {
    "avg_N": 23.18,
    "avg_P": 132.53,
    "avg_K": 200.11,
    "avg_temperature": 23.849575120049998,
    "avg_humidity": 81.87522752119999,
    "avg_ph": 6.025936681099999,
    "avg_rainfall": 69.611828886,
    "N_range": [
      0.0,
      40.0
    ],
    "P_range": [
      120.0,
      145.0
    ],
    "K_range": [
      195.0,
      205.0
    ],
    "temperature_range": [
      8.825674745,
      41.94865736
    ],
    "humidity_range": [
      80.01639435,
      83.98351748
    ],
    "ph_range": [
      5.510924848999999,
      6.499604931
    ],
    "rainfall_range": [
      65.01095312,
      74.91506217
    ]
  },
  "jute": {
    "avg_N": 78.4,
    "avg_P": 46.86,
    "avg_K": 39.99,
    "avg_temperature": 24.958375826499996,
    "avg_humidity": 79.6398642063,
    "avg_ph": 6.7327775681699995,
    "avg_rainfall": 174.792797536,
    "N_range": [
      60.0,
      100.0
    ],
    "P_range": [
      35.0,
      60.0
    ],
    "K_range": [
      35.0,
      45.0
    ],
    "temperature_range": [
      23.09433785,
      26.98582182
    ],
    "humidity_range": [
      70.88259632,
      89.89106506
    ],
    "ph_range": [
      6.002524871,
      7.4880144039999985
    ],
    "rainfall_range": [
      150.2355238,
      199.83629130000003
    ]
  },
  "kidneybeans": {
    "avg_N": 20.75,
    "avg_P": 67.54,
    "avg_K": 20.05,
    "avg_temperature": 20.1150846851,
    "avg_humidity": 21.605356729499995,
    "avg_ph": 5.749410585870001,
    "avg_rainfall": 105.91977754210002,
    "N_range": [
      0.0,
      40.0
    ],
    "P_range": [
      55.0,
      80.0
    ],
    "K_range": [
      15.0,
      25.0
    ],
    "temperature_range": [
      15.33042636,
      24.92360104
    ],
    "humidity_range": [
      18.09224048,
      24.96969858
    ],
    "ph_range": [
      5.502999119,
      5.99812453
    ],
    "rainfall_range": [
      60.27552528,
      149.7441028
    ]
  },
  "lentil": {
    "avg_N": 18.77,
    "avg_P": 68.36,
    "avg_K": 19.41,
    "avg_temperature": 24.509052402600002,
    "avg_humidity": 64.80478467849998,
    "avg_ph": 6.9279315716099985,
    "avg_rainfall": 45.680454204,
    "N_range": [
      0.0,
      40.0
    ],
    "P_range": [
      55.0,
      80.0
    ],
    "K_range": [
      15.0,
      25.0
    ],
    "temperature_range": [
      18.06486101,
      29.94413861
    ],
    "humidity_range": [
      60.09116626,
      69.92375891
    ],
    "ph_range": [
      5.91645379,
      7.841496029
    ],
    "rainfall_range": [
      35.03484812,
      54.93937710000001
    ]
  },
  "maize": {
    "avg_N": 77.76,
    "avg_P": 48.44,
    "avg_K": 19.79,
    "avg_temperature": 22.389203910199996,
    "avg_humidity": 65.0922494467,
    "avg_ph": 6.245189722399999,
    "avg_rainfall": 84.76698766300002,
    "N_range": [
      60.0,
      100.0
    ],
    "P_range": [
      35.0,
      60.0
    ],
    "K_range": [
      15.0,
      25.0
    ],
    "temperature_range": [
      18.04185513,
      26.54986394
    ],
    "humidity_range": [
      55.28220433,
      74.82913698
    ],
    "ph_range": [
      5.513697923,
      6.995843776
    ],
    "rainfall_range": [
      60.65171481,
      109.7515385
    ]
  },
  "mango": {
    "avg_N": 20.07,
    "avg_P": 27.18,
    "avg_K": 29.92,
    "avg_temperature": 31.2087701513,
    "avg_humidity": 50.1565726953,
    "avg_ph": 5.766372799659999,
    "avg_rainfall": 94.70451504479999,
    "N_range": [
      0.0,
      40.0
    ],